<?xml version="1.0" encoding="utf-8"?>
<ArrayOfCompetitor xmlns:xsi="http://www.w3.org/2001/XMLSchema-instance" xmlns:xsd="http://www.w3.org/2001/XMLSchema">
  <Competitor>
    <Name>Vovan</Name>
    <Res>143</Res>
    <IsDisqualified>false</IsDisqualified>
  </Competitor>
  <Competitor>
    <Name>Vitalya</Name>
    <Res>137</Res>
    <IsDisqualified>false</IsDisqualified>
  </Competitor>
  <Competitor>
    <Name>Leha</Name>
    <Res>136</Res>
    <IsDisqualified>false</IsDisqualified>
  </Competitor>
  <Competitor>
    <Name>Gena</Name>
    <Res>134</Res>
    <IsDisqualified>false</IsDisqualified>
  </Competitor>
  <Competitor>
    <Name>Oleg</Name>
    <Res>0</Res>
    <IsDisqualified>true</IsDisqualified>
  </Competitor>
</ArrayOfCompetitor>