<?xml version="1.0" encoding="utf-8"?>
<J180m xmlns:xsi="http://www.w3.org/2001/XMLSchema-instance" xmlns:xsd="http://www.w3.org/2001/XMLSchema">
  <Discipline>180 метров</Discipline>
  <Jumpers>
    <Jumper>
      <Name>Орлов</Name>
      <Lengthrate>170</Lengthrate>
      <Rate>38</Rate>
      <Score>208</Score>
    </Jumper>
    <Jumper>
      <Name>Негров</Name>
      <Lengthrate>180</Lengthrate>
      <Rate>39</Rate>
      <Score>219</Score>
    </Jumper>
    <Jumper>
      <Name>Соколов</Name>
      <Lengthrate>178</Lengthrate>
      <Rate>54</Rate>
      <Score>232</Score>
    </Jumper>
    <Jumper>
      <Name>Дуров</Name>
      <Lengthrate>172</Lengthrate>
      <Rate>52</Rate>
      <Score>224</Score>
    </Jumper>
    <Jumper>
      <Name>Попов</Name>
      <Lengthrate>156</Lengthrate>
      <Rate>51</Rate>
      <Score>207</Score>
    </Jumper>
  </Jumpers>
</J180m>