<?xml version="1.0" encoding="utf-8"?>
<J120m xmlns:xsi="http://www.w3.org/2001/XMLSchema-instance" xmlns:xsd="http://www.w3.org/2001/XMLSchema">
  <Discipline>120 метров</Discipline>
  <Jumpers>
    <Jumper>
      <Name>Иванов</Name>
      <Lengthrate>78</Lengthrate>
      <Rate>54</Rate>
      <Score>132</Score>
    </Jumper>
    <Jumper>
      <Name>Козлов</Name>
      <Lengthrate>76</Lengthrate>
      <Rate>51</Rate>
      <Score>127</Score>
    </Jumper>
    <Jumper>
      <Name>Смирнов</Name>
      <Lengthrate>70</Lengthrate>
      <Rate>52</Rate>
      <Score>122</Score>
    </Jumper>
    <Jumper>
      <Name>Петров</Name>
      <Lengthrate>60</Lengthrate>
      <Rate>39</Rate>
      <Score>99</Score>
    </Jumper>
    <Jumper>
      <Name>Конов</Name>
      <Lengthrate>50</Lengthrate>
      <Rate>38</Rate>
      <Score>88</Score>
    </Jumper>
  </Jumpers>
</J120m>