[{"Name":"Team 1","Points":49,"Group":1,"Gender":"Male"},{"Name":"Team 9","Points":49,"Group":1,"Gender":"Female"},{"Name":"Team 3","Points":49,"Group":2,"Gender":"Female"},{"Name":"Team 2","Points":48,"Group":1,"Gender":"Female"},{"Name":"Team 4","Points":48,"Group":1,"Gender":"Female"},{"Name":"Team 8","Points":48,"Group":1,"Gender":"Female"},{"Name":"Team 10","Points":48,"Group":2,"Gender":"Female"},{"Name":"Team 7","Points":46,"Group":1,"Gender":"Female"},{"Name":"Team 1","Points":46,"Group":2,"Gender":"Female"},{"Name":"Team 10","Points":43,"Group":2,"Gender":"Male"},{"Name":"Team 8","Points":42,"Group":1,"Gender":"Male"},{"Name":"Team 1","Points":42,"Group":2,"Gender":"Male"},{"Name":"Team 10","Points":42,"Group":1,"Gender":"Female"},{"Name":"Team 4","Points":39,"Group":2,"Gender":"Female"},{"Name":"Team 3","Points":38,"Group":1,"Gender":"Male"},{"Name":"Team 10","Points":37,"Group":1,"Gender":"Male"},{"Name":"Team 4","Points":36,"Group":2,"Gender":"Male"},{"Name":"Team 9","Points":34,"Group":2,"Gender":"Female"},{"Name":"Team 11","Points":33,"Group":1,"Gender":"Male"},{"Name":"Team 5","Points":33,"Group":2,"Gender":"Male"},{"Name":"Team 12","Points":33,"Group":2,"Gender":"Male"},{"Name":"Team 2","Points":32,"Group":2,"Gender":"Male"},{"Name":"Team 6","Points":32,"Group":2,"Gender":"Male"},{"Name":"Team 2","Points":28,"Group":2,"Gender":"Female"},{"Name":"Team 3","Points":27,"Group":1,"Gender":"Female"},{"Name":"Team 8","Points":27,"Group":2,"Gender":"Female"},{"Name":"Team 6","Points":21,"Group":1,"Gender":"Male"},{"Name":"Team 12","Points":21,"Group":1,"Gender":"Male"},{"Name":"Team 7","Points":21,"Group":2,"Gender":"Male"},{"Name":"Team 9","Points":20,"Group":2,"Gender":"Male"},{"Name":"Team 6","Points":20,"Group":2,"Gender":"Female"},{"Name":"Team 11","Points":19,"Group":2,"Gender":"Male"},{"Name":"Team 5","Points":19,"Group":1,"Gender":"Female"},{"Name":"Team 5","Points":17,"Group":1,"Gender":"Male"},{"Name":"Team 3","Points":15,"Group":2,"Gender":"Male"},{"Name":"Team 11","Points":14,"Group":2,"Gender":"Female"},{"Name":"Team 12","Points":14,"Group":2,"Gender":"Female"},{"Name":"Team 7","Points":13,"Group":1,"Gender":"Male"},{"Name":"Team 2","Points":12,"Group":1,"Gender":"Male"},{"Name":"Team 12","Points":12,"Group":1,"Gender":"Female"},{"Name":"Team 4","Points":11,"Group":1,"Gender":"Male"},{"Name":"Team 9","Points":10,"Group":1,"Gender":"Male"},{"Name":"Team 1","Points":10,"Group":1,"Gender":"Female"},{"Name":"Team 5","Points":9,"Group":2,"Gender":"Female"},{"Name":"Team 8","Points":6,"Group":2,"Gender":"Male"},{"Name":"Team 7","Points":5,"Group":2,"Gender":"Female"},{"Name":"Team 6","Points":4,"Group":1,"Gender":"Female"},{"Name":"Team 11","Points":3,"Group":1,"Gender":"Female"}]